form	lemma	POS	morph
༄༅། །		PUNCT
གསང་སྔགས་	གསང་སྔགས་	NOUN
རྙིང་མ་	རྙིང་མ་	OTHER
འི་	གི་	PART
ཐེག་པ་	ཐེག་པ་	NOUN
དགུ་	དགུ་	NUM
འི་	གི་	PART
འཇུག་	འཇུག་	VERB
སྒོ་	སྒོ་	NOUN
ལ་	ལ་	ADP
ས་	གིས་	PART
།		PUNCT
དང་པོ་	དང་པོ་	ADJ
སྐྱབས་	སྐྱབས་	NOUN
སུ་	ལ་	PART
འགྲོ་བ་	འགྲོ་བ་	VERB
སྦྱིན་པ་	སྦྱིན་པ་	VERB
འི་	གི་	PART
ཆོ་ག་	ཆོ་ག་	NOUN
ཤིན་ཏུ་	ཤིན་ཏུ་	NO_POS
བསྡུས་པ་	བསྡུས་པ་	VERB
བཞུགས་	བཞུགས་	VERB
སོ་	གོ་	PART
།།		PUNCT
མཛད་པ་པོ་	མཛད་པ་པོ་	VERB
།		PUNCT
ཀརྨ་	ཀརྨ་	NO_POS
ཆགས་	ཆགས་	VERB
མེད་	མེད་	VERB
།		PUNCT
ན་མོ་	ན་མོ་	X
གུ་རུ་	གུ་རུ་	PROPN
ཤཱཀྱ་	ཤཱཀྱ་	PROPN
སིཾ་		NON_WORD
ཧཱ་		NON_WORD
ཡ་	ཡ་	NOUN
།		PUNCT
སྟོན་པ་	སྟོན་པ་	NOUN
ཤཱཀྱ་	ཤཱཀྱ་	PROPN
སེང་གེ་	སེང་གེ་	NOUN
ར་	ལ་	PART
ཕྱག་	ཕྱག་	NOUN
འཚལ་	འཚལ་	VERB
ན་	ནས་	PART
། །		PUNCT
ཐེག་པ་	ཐེག་པ་	NOUN
ཐུན་མོང་	ཐུན་མོང་	ADJ
སྐྱབས་	སྐྱབས་	NOUN
སྡོམ་	སྡོམ་	NOUN
འབོགས་	འབོགས་	VERB
ཐབས་	ཐབས་	NOUN
འགོད་	འགོད་	NO_POS
། །		PUNCT
སྟོན་པ་	སྟོན་པ་	NOUN
འི་	གི་	PART
སྐུ་	སྐུ་	NOUN
འམ་	གམ་	PART
མཚན་	མཚན་	NOUN
བརྒྱད་	བརྒྱད་	NUM
ཀྱི་	གི་	PART
ཞལ་ཐང་	ཞལ་ཐང་	OTHER
བཤམ་	བཤམ་	NO_POS
།		PUNCT
མཆོད་པ་	མཆོད་པ་	VERB
རྣམ་	རྣམ་	NOUN
ལྔ་	ལྔ་	NUM
མཎྜལ་		NON_WORD
ལ་སོགས་པ་	ལ་སོགས་པ་	NO_POS
བཤམས་	བཤམས་	NO_POS
ན་	ལ་	PART
ལེགས་	ལེགས་	VERB
།		PUNCT
དེ་ནས་	དེ་ནས་	NO_POS
མདུན་	མདུན་	NOUN
དུ་	ལ་	PART
གཅིག་	གཅིག་	NUM
གམ་	གམ་	PART
མང་པོ་	མང་པོ་	ADJ
ཡང་	ཀྱང་	PART
རུང་	རུང་	SCONJ
སྟེ་	སྟེ་	PART
།		PUNCT
ཕྱག་	ཕྱག་	NOUN
འཚལ་	འཚལ་	VERB
ན་	ནས་	PART
ཐལ་མོ་	ཐལ་མོ་	NOUN
སྙིང་ག་	སྙིང་ག་	NOUN
ར་	ལ་	PART
སྦྱར་	སྦྱར་	VERB
ཏེ་	སྟེ་	PART
ཙོག་པུ་	ཙོག་པུ་	NO_POS
ར་	ལ་	PART
འདུག་	འདུག་	VERB
ཏུ་	ལ་	PART
བཅུག་	བཅུག་	VERB
ལ་	ལ་	PART
།		PUNCT
འོ་ན་	འོ་ན་	NO_POS
ད་ལམ་	ད་ལམ་	NO_POS
ཁྱེད་	ཁྱེད་	PRON
རང་	རང་	PRON
རྣམས་	རྣམས་	DET
དམ་པ་	དམ་པ་	VERB
འི་	གི་	PART
ཆོ་	ཆོ་	NOUN
ཀྱི་	གི་	PART
སྒོ་		
འཇུག་	འཇུག་	VERB
འདོད་པ་	འདོད་པ་	VERB
དེ་	སྟེ་	PART
ཤིན་ཏུ་	ཤིན་ཏུ་	NO_POS
ལེགས་	ལེགས་	VERB
།		PUNCT
དེ་	དེ་	DET
འི་	གི་	PART
རྒྱུ་མཚན་	རྒྱུ་མཚན་	NOUN
ཅི་	ཅི་	NO_POS
ཞེ་ན་	ཅེ་ན་	PART
།		PUNCT
ཨོ་རྒྱན་	ཨོ་རྒྱན་	PROPN
རིན་པོ་ཆེ་	རིན་པོ་ཆེ་	ADJ
འི་	གི་	PART
ཞལ་	ཞལ་	NOUN
ན་	ནས་	PART
།		PUNCT
དལ་འབྱོར་	དལ་འབྱོར་	NOUN
འདི་	འདི་	DET
ནི་	ནི་	NO_POS
ཤིན་ཏུ་	ཤིན་ཏུ་	NO_POS
རྙེད་	རྙེད་	VERB
དཀའ་	དཀའ་	VERB
ཡང་	ཀྱང་	PART
། །		PUNCT
འཆི་བདག་	འཆི་བདག་	NOUN
ནད་	ནད་	NOUN
ཀྱིས་	གིས་	PART
ཉེ་བ་		
བཏབ་པ་	བཏབ་པ་	VERB
འི་	གི་	PART
ཚེ་	ཚེ་	NOUN
། །		PUNCT
ཆོ་	ཆོ་	NOUN
མེད་	མེད་	VERB
མི་	མི་	PART
རྣམས་	རྣམས་	DET
སྟོང་ལོག་	སྟོང་ལོག་	NO_POS
སྙིང་	སྙིང་	NOUN
རེ་	རེ་	DET
རྗེ་	རྗེ་	NO_POS
། །		PUNCT
ཞེ་	ཅེས་	PART
གསུངས་པ་	གསུངས་པ་	VERB
ལྟ་	ལྟ་	OTHER
།		PUNCT
མི་ལུས་	མི་ལུས་	NOUN
འདི་	འདི་	DET
ལྟ་བུ་	ལྟ་བུ་	NOUN
ཡང་ཡང་	ཡང་ཡང་	NO_POS
མི་	མི་	PART
ཐོབ་	ཐོབ་	VERB
།		PUNCT
ད་རེས་	ད་རེས་	ADV
ཁོ་ན་	ཁོ་ན་	DET
ཙམ་	ཙམ་	DET
ཡིན་	ཡིན་	NO_POS
།		PUNCT
ད་རེས་	ད་རེས་	ADV
ལུས་	ལུས་	NOUN
འདི་	འདི་	DET
ཡང་	ཀྱང་	PART
མི་རྟག་	མི་རྟག་	OTHER
སྟེ་	སྟེ་	PART
ནམ་	གམ་	PART
འཆི་	འཆི་	VERB
ཆ་མེད་	ཆ་མེད་	ADJ
།		PUNCT
ཤི་བ་	ཤི་བ་	VERB
འི་	གི་	PART
འོག་	འོག་	NOUN
ཏུ་	ལ་	PART
སྐྱེ་ས་	སྐྱེ་ས་	VERB
རིགས་	རིགས་	NOUN
དྲུག་	དྲུག་	NUM
གང་རུང་	གང་རུང་	NOUN
གཅིག་	གཅིག་	NUM
ལ་	ལ་	ADP
ས་	གིས་	PART
འོ་	འོ་	VERB
མེད་	མེད་	VERB
།		PUNCT
རིགས་	རིགས་	NOUN
དྲུག་	དྲུག་	NUM
གང་རུང་	གང་རུང་	NOUN
དུ་	ལ་	PART
སྐྱེ་	སྐྱེ་	VERB
ཀྱང་	ཀྱང་	PART
སྡུག་བསྔལ་	སྡུག་བསྔལ་	NOUN
གྱི་	གི་	PART
རང་བཞིན་	རང་བཞིན་	NOUN
ཡིན་	ཡིན་	NO_POS
ཏེ་	སྟེ་	PART
།		PUNCT
ཨོ་རྒྱན་	ཨོ་རྒྱན་	PROPN
རིན་པོ་ཆེ་	རིན་པོ་ཆེ་	ADJ
འི་	གི་	PART
ཞལ་	ཞལ་	NOUN
ན་	ནས་	PART
།		PUNCT
ཐ་	ཐ་	VERB
མེད་	མེད་	VERB
ལ་	ལ་	ADP
ས་	གིས་	PART
ཀྱི་	གི་	PART
གྲོང་ཁྱེར་	གྲོང་ཁྱེར་	NOUN
དྲུག་པོ་	དྲུག་པོ་	NUM
འདི་	འདི་	DET
ར་	ལ་	PART
། །		PUNCT
གཅིག་	གཅིག་	NUM
ན་	ནས་	PART
གཅིག་	གཅིག་	NUM
ཏུ་	ལ་	PART
ཟོ་	ཟོ་	VERB
ཆུ་	ཆུ་	NOUN
འི་	གི་	PART
འཁྱུད་	འཁྱུད་	NO_POS
མོ་	གོ་	PART
བཞིན་	བཞིན་	NOUN
། །		PUNCT
ཐ་	ཐ་	VERB
མེད་	མེད་	VERB
འཁོར་བ་	འཁོར་བ་	NOUN
འི་	གི་	PART
འགྲོ་	འགྲོ་	VERB
རྣམས་	རྣམས་	DET
སྙིང་	སྙིང་	NOUN
རེ་	རེ་	DET
རྗེ་	རྗེ་	NO_POS
། །		PUNCT
ཞེ་	ཅེས་	PART
གསུངས་	གསུངས་	VERB
སོ་	གོ་	PART
། །		PUNCT
སྡུག་བསྔལ་	སྡུག་བསྔལ་	NOUN
དེ་ལས་	དེ་ལས་	NO_POS
ཐར་བ་	ཐར་བ་	VERB
ར་	ལ་	PART
བྱེད་པ་	བྱེད་པ་	VERB
ལ་	ལ་	PART
དམ་པ་	དམ་པ་	VERB
འི་	གི་	PART
ཆོ་	ཆོ་	NOUN
ཀྱི་	གི་	PART
སྒོ་		
འཇུག་	འཇུག་	VERB
དགོས་	དགོས་	VERB
།		PUNCT
ཆོ་	ཆོ་	NOUN
དེ་	སྟེ་	PART
ལ་	ལ་	ADP
འང་	ཀྱང་	PART
ཐེག་པ་	ཐེག་པ་	NOUN
རིམ་པ་	རིམ་པ་	NOUN
དགུ་	དགུ་	NUM
ཡོད་པ་	ཡོད་པ་	VERB
ལ་	ལ་	ADP
ས་	གིས་	PART
།		PUNCT
དེ་	སྟེ་	PART
ལ་	ལ་	PART
སྐས་	སྐས་	NO_POS
འཛེགས་པ་	འཛེགས་པ་	VERB
ལྟ་	ལྟ་	OTHER
རིམ་པ་	རིམ་པ་	NOUN
བཞིན་	བཞིན་	NOUN
དུ་	ལ་	PART
ཐེག་པ་	ཐེག་པ་	NOUN
ཐུན་མོང་	ཐུན་མོང་	ADJ
ན་	ནས་	PART
འཇུག་	འཇུག་	VERB
དགོས་	དགོས་	VERB
ཏེ་	སྟེ་	PART
།		PUNCT
ཨོ་རྒྱན་	ཨོ་རྒྱན་	PROPN
རིན་པོ་ཆེ་	རིན་པོ་ཆེ་	ADJ
ས་	གིས་	PART
སྒྲུབ་	སྒྲུབ་	VERB
ཆེན་	ཆེན་	NO_POS
གྱི་	གི་	PART
གཞུང་	གཞུང་	NOUN
རྣམས་	རྣམས་	DET
ན་	ནས་	PART
།		PUNCT
ཀྱཻ་		NON_WORD
།		PUNCT
རིགས་	རིགས་	NOUN
ཀྱི་	གི་	PART
བུ་	བུ་	NOUN
རྣམས་	རྣམས་	DET
ཡོན་ཏན་	ཡོན་ཏན་	NOUN
ཐམས་ཅད་	ཐམས་ཅད་	DET
ཀྱི་	གི་	PART
གཞི་མ་	གཞི་མ་	OTHER
།		PUNCT
དམ་པ་	དམ་པ་	VERB
འི་	གི་	PART
ཆོ་	ཆོ་	NOUN
ཐེག་པ་	ཐེག་པ་	NOUN
ཆེན་པོ་	ཆེན་པོ་	ADJ
འདི་ཉིད་	འདི་ཉིད་	OTHER
།		PUNCT
སྡོམ་པ་	སྡོམ་པ་	NOUN
གསུམ་	གསུམ་	NUM
ལ་	ལ་	ADP
ས་	གིས་	PART
བྱུང་བ་	བྱུང་བ་	VERB
ས་	གིས་	PART
།		PUNCT
དཀོན་མཆོག་	དཀོན་མཆོག་	NOUN
གསུམ་	གསུམ་	NUM
ལ་	ལ་	PART
སྐྱབས་	སྐྱབས་	NOUN
སུ་	ལ་	PART
སོང་	སོང་	VERB
།		PUNCT
ཞེ་	ཅེས་	PART
སོགས་	སོགས་	DET
དང་	དང་	NO_POS
།		PUNCT
སྔ་	སྔ་	NOUN
མ་	མ་	PART
ཐོབ་པ་	ཐོབ་པ་	VERB
རྣམས་	རྣམས་	DET
ལ་	ལ་	PART
སྐྱབས་འགྲོ་	སྐྱབས་འགྲོ་	OTHER
སོགས་	སོགས་	DET
སྡོམ་པ་	སྡོམ་པ་	NOUN
རྣམས་	རྣམས་	DET
ཐེབས་པ་	ཐེབས་པ་	VERB
ར་	ལ་	PART
འབོགས་	འབོགས་	VERB
དགོས་པ་	དགོས་པ་	VERB
ར་	ལ་	PART
གསུངས་པ་	གསུངས་པ་	VERB
ས་	གིས་	PART
།		PUNCT
ད་རེས་	ད་རེས་	ADV
ཁྱེད་	ཁྱེད་	PRON
རྣམས་	རྣམས་	DET
ལ་	ལ་	PART
སྐྱབས་གསུམ་	སྐྱབས་གསུམ་	OTHER
འཛིན་པ་	འཛིན་པ་	VERB
འི་	གི་	PART
དགེ་བསྙེན་	དགེ་བསྙེན་	NOUN
གྱི་	གི་	PART
སྡོམ་པ་	སྡོམ་པ་	NOUN
དེ་	སྟེ་	PART
འབོགས་པ་	འབོགས་པ་	VERB
ཡིན་པ་	ཡིན་པ་	AUX
ས་	གིས་	PART
།		PUNCT
མདུན་	མདུན་	NOUN
དུ་	ལ་	PART
བཤམས་པ་	བཤམས་པ་	VERB
འི་	གི་	PART
སྐུ་རྟེན་	སྐུ་རྟེན་	NO_POS
འདི་	འདི་	DET
རྣམས་	རྣམས་	DET
དང་	དང་	NO_POS
དབྱེ་	དབྱེ་	VERB
ར་	ལ་	PART
མེད་པ་	མེད་པ་	VERB
ར་	ལ་	PART
གྱད་	གྱད་	PROPN
དང་	དང་	NO_POS
སེང་གེ་	སེང་གེ་	NOUN
ས་	གིས་	PART
བཏེགས་པ་	བཏེགས་པ་	NON_WORD
འི་	གི་	PART
རིན་པོ་ཆེ་	རིན་པོ་ཆེ་	ADJ
འི་	གི་	PART
ཁྲི་	ཁྲི་	NUM
པདྨ་	པདྨ་	NOUN
དང་	དང་	NO_POS
ཟླ་བ་	ཟླ་བ་	NOUN
འི་	གི་	PART
གདན་	གདན་	NOUN
ལ་	ལ་	PART
།		PUNCT
བསྟན་པ་	བསྟན་པ་	VERB
འི་	གི་	PART
བདག་པོ་	བདག་པོ་	NOUN
བཅོམ་ལྡན་འདས་	བཅོམ་ལྡན་འདས་	NOUN
ཤཱཀྱ་	ཤཱཀྱ་	PROPN
སེང་གེ་	སེང་གེ་	NOUN
སྐུ་མདོག་	སྐུ་མདོག་	NOUN
གསེར་	གསེར་	NOUN
བཙོ་མ་	བཙོ་མ་	ADJ
འི་	གི་	PART
མདོག་	མདོག་	NOUN
ལྟ་བུ་	ལྟ་བུ་	NOUN
ལ་	ལ་	PART
མཚན་	མཚན་	NOUN
བཟང་པོ་	བཟང་པོ་	ADJ
སུམ་ཅུ་རྩ་གཉིས་	སུམ་ཅུ་རྩ་གཉིས་	NO_POS
།		PUNCT
དཔེ་བྱད་	དཔེ་བྱད་	NOUN
བཟང་པོ་	བཟང་པོ་	ADJ
བརྒྱད་ཅུ་	བརྒྱད་ཅུ་	NO_POS
ས་	གིས་	PART
སྤྲས་པ་	སྤྲས་པ་	VERB
།		PUNCT
སྐུ་	སྐུ་	NOUN
ལ་	ལ་	PART
ཆོས་གོས་	ཆོས་གོས་	NOUN
རྣམ་	རྣམ་	NOUN
གསུམ་	གསུམ་	NUM
གསོལ་	གསོལ་	VERB
ཞིང་	ཅིང་	PART
རྡོ་རྗེ་	རྡོ་རྗེ་	NOUN
འི་	གི་	PART
སྐྱིལ་ཀྲུང་	སྐྱིལ་ཀྲུང་	NOUN
གིས་	གིས་	PART
བཞུགས་པ་	བཞུགས་པ་	VERB
།		PUNCT
ཕྱག་	ཕྱག་	NOUN
གཡའ་	གཡའ་	NOUN
ས་	ས་	ADP
གནོན་	གནོན་	VERB
དང་	དང་	NO_POS
བཅས་པ་	བཅས་པ་	VERB
འི་	གི་	PART
རྡོ་རྗེ་	རྡོ་རྗེ་	NOUN
འཛིན་	འཛིན་	VERB
ཅིང་	ཅིང་	PART
།		PUNCT
གཡོན་	གཡོན་	NOUN
མཉམ་	མཉམ་	VERB
གཞག་	གཞག་	VERB
གི་	གི་	PART
སྟེང་	སྟེང་	NOUN
ན་	ལ་	PART
ལྷུང་བཟེད་	ལྷུང་བཟེད་	NOUN
འཛིན་པ་	འཛིན་པ་	VERB
།		PUNCT
འོད་	འོད་	NOUN
དང་	དང་	NO_POS
འོད་ཟེར་	འོད་ཟེར་	NOUN
འཕྲོ་	འཕྲོ་	NOUN
ཞིང་	ཅིང་	PART
འཕགས་པ་	འཕགས་པ་	VERB
གནས་བརྟན་	གནས་བརྟན་	NOUN
བཅུ་དྲུག་	བཅུ་དྲུག་	NO_POS
ལ་སོགས་པ་	ལ་སོགས་པ་	NO_POS
།		PUNCT
ཐེག་པ་	ཐེག་པ་	NOUN
ཆེ་ཆུང་	ཆེ་ཆུང་	ADJ
གི་	གི་	PART
དགེ་འདུན་	དགེ་འདུན་	NOUN
རྒྱ་མཚོ་	རྒྱ་མཚོ་	NOUN
ས་	གིས་	PART
བསྐོར་བ་	བསྐོར་བ་	VERB
མངོན་སུམ་	མངོན་སུམ་	NOUN
དུ་	ལ་	PART
བཞུགས་པ་	བཞུགས་པ་	VERB
ར་	ལ་	PART
སྒོམས་	སྒོམས་	VERB
ཤིག་	ཅིག་	PART
།		PUNCT
ཅེས་	ཅེས་	PART
དམིགས་པ་	དམིགས་པ་	VERB
སྤྲད་	སྤྲད་	NO_POS
ན་	ནས་	PART
།		PUNCT
རང་ཉིད་	རང་ཉིད་	OTHER
ཐལ་མོ་	ཐལ་མོ་	NOUN
སྙིང་ག་	སྙིང་ག་	NOUN
ར་	ལ་	PART
སྦྱར་	སྦྱར་	VERB
ཏེ་	སྟེ་	PART
།		PUNCT
ཟ་ཧོར་	ཟ་ཧོར་	PROPN
རྒྱལ་པོ་	རྒྱལ་པོ་	NOUN
འི་	གི་	PART
ཡུལ་དབུས་	ཡུལ་དབུས་	NOUN
སུ་	ལ་	PART
༔		PUNCT
བདུད་དཔུང་	བདུད་དཔུང་	NOUN
འདུལ་བ་	འདུལ་བ་	VERB
འི་	གི་	PART
དངོས་གྲུབ་	དངོས་གྲུབ་	NOUN
བརྙེས་	བརྙེས་	NO_POS
༔		PUNCT
ཤཱཀྱ་	ཤཱཀྱ་	PROPN
སེང་གེ་	སེང་གེ་	NOUN
ཞེ་	ཅེས་	PART
སུ་	ལ་	PART
གྲག་	གྲག་	VERB
༔		PUNCT
ཁྱེད་	ཁྱེད་	PRON
ཀྱི་	གི་	PART
རྗེས་སུ་	རྗེས་སུ་	OTHER
བདག་	བདག་	PRON
སྒྲུབ་	སྒྲུབ་	VERB
ཕྱི་	ཕྱི་	OTHER
༔		PUNCT
བྱིན་	བྱིན་	VERB
གྱིས་	གིས་	PART
བརླབ་	བརླབ་	NO_POS
ཕྱི་	ཕྱི་	OTHER
གཤེགས་	གཤེགས་	VERB
སུ་	ལ་	PART
གསོལ་	གསོལ་	VERB
༔		PUNCT
ཨོཾ་	ཨོཾ་	X
གུ་རུ་	གུ་རུ་	PROPN
ཤཱཀྱ་	ཤཱཀྱ་	PROPN
སེང་གེ་	སེང་གེ་	NOUN
བཛྲ་	བཛྲ་	NO_POS
ས་	ས་	ADP
མཱ་	མཱ་	NO_POS
ཛ་	ཛ་	OTHER
༔		PUNCT
ཛཿ་		NON_WORD
ཧཱུྃ་		NON_WORD
བཾ་		NON_WORD
ཧོ་	ཧོ་	NO_POS
༔		PUNCT
ཏིཥྛ་		NON_WORD
ལྷན་	ལྷན་	NOUN
༔		PUNCT
དེ་ལྟ་	དེ་ལྟ་	NO_POS
བཅོམ་ལྡན་འདས་	བཅོམ་ལྡན་འདས་	NOUN
ཤཱཀྱ་	ཤཱཀྱ་	PROPN
སེང་གེ་	སེང་གེ་	NOUN
འཁོར་	འཁོར་	NOUN
དང་	དང་	NO_POS
བཅས་པ་	བཅས་པ་	VERB
དང་	དང་	NO_POS
།		PUNCT
ངེད་	ངེད་	PRON
སློབ་དཔོན་	སློབ་དཔོན་	NOUN
དང་	དང་	NO_POS
བཅས་པ་	བཅས་པ་	VERB
འི་	གི་	PART
དྲུང་	དྲུང་	NOUN
དུ་	ལ་	PART
།		PUNCT
དུས་	དུས་	NOUN
ད་	ད་	ADV
ན་	ནས་	PART
གཟུང་	གཟུང་	VERB
སྟེ་	སྟེ་	PART
།		PUNCT
ཇི་སྲིད་	ཇི་སྲིད་	PRON
འཚོ་	འཚོ་	VERB
འི་	གི་	PART
བ་	བ་	NOUN
དུ་	ལ་	PART
སྐྱབས་གསུམ་	སྐྱབས་གསུམ་	OTHER
འཛིན་པ་	འཛིན་པ་	VERB
འི་	གི་	PART
དགེ་བསྙེན་	དགེ་བསྙེན་	NOUN
གྱི་	གི་	PART
སྡོམ་པ་	སྡོམ་པ་	NOUN
ཞུ་	ཞུ་	VERB
ཏེ་	སྟེ་	PART
།		PUNCT
བདག་	བདག་	PRON
དང་སེམས་	དང་སེམས་	NO_POS
ཅན་	ཅན་	PART
ཐམས་ཅད་	ཐམས་ཅད་	DET
འཁོར་བ་	འཁོར་བ་	NOUN
འི་	གི་	PART
སྡུག་བསྔལ་	སྡུག་བསྔལ་	NOUN
ཐམས་ཅད་	ཐམས་ཅད་	DET
ལ་	ལ་	ADP
ས་	གིས་	PART
སྐྱོབ་པ་	སྐྱོབ་པ་	VERB
ར་	ལ་	PART
བྱ་	བྱ་	VERB
སྙམ་པ་	སྙམ་པ་	VERB
འི་	གི་	PART
འདུན་པ་	འདུན་པ་	PROPN
རྩེ་གཅིག་	རྩེ་གཅིག་	ADJ
གིས་	གིས་	PART
སྟོན་པ་	སྟོན་པ་	NOUN
སངས་རྒྱས་	སངས་རྒྱས་	NOUN
ལ་	ལ་	PART
དམིགས་	དམིགས་	VERB
ཏེ་	སྟེ་	PART
ཕྱག་	ཕྱག་	NOUN
གསུམ་	གསུམ་	NUM
།		PUNCT
འདི་	འདི་	DET
ས་	གིས་	PART
གསུངས་པ་	གསུངས་པ་	VERB
འི་	གི་	PART
ཆོ་	ཆོ་	NOUN
ལ་	ལ་	PART
དམིགས་	དམིགས་	VERB
ཏེ་	སྟེ་	PART
ཕྱག་	ཕྱག་	NOUN
གསུམ་	གསུམ་	NUM
།		PUNCT
ངེད་	ངེད་	PRON
ལ་	ལ་	PART
སློབ་དཔོན་	སློབ་དཔོན་	NOUN
ཞུ་བ་	ཞུ་བ་	VERB
འི་	གི་	PART
ཕྱི་	ཕྱི་	OTHER
ཕྱག་	ཕྱག་	NOUN
གསུམ་	གསུམ་	NUM
དང་	དང་	NO_POS
དགུ་ཕྲུགས་	དགུ་ཕྲུགས་	NO_POS
དེ་	སྟེ་	PART
འཚོལ་	འཚོལ་	VERB
ཅིག་	ཅིག་	PART
།		PUNCT
ཅེས་	ཅེས་	PART
ཕྱག་	ཕྱག་	NOUN
དགུ་	དགུ་	NUM
འཚལ་	འཚལ་	VERB
དུ་	ལ་	PART
བཅུག་	བཅུག་	VERB
གོ་	གོ་	PART
།		PUNCT
དེ་ནས་	དེ་ནས་	NO_POS
སྔར་ལྟར་	སྔར་ལྟར་	NO_POS
འདུག་	འདུག་	VERB
བཅུག་	བཅུག་	VERB
གོ་	གོ་	PART
།		PUNCT
ད་	ད་	ADV
ན་	ནས་	PART
གཟུང་	གཟུང་	VERB
སྟེ་	སྟེ་	PART
སངས་རྒྱས་	སངས་རྒྱས་	NOUN
ལ་	ལ་	PART
སྟོན་པ་	སྟོན་པ་	NOUN
ཞུ་	ཞུ་	VERB
།		PUNCT
ཆོ་	ཆོ་	NOUN
ལ་	ལ་	PART
སྐྱབས་	སྐྱབས་	NOUN
སུ་	ལ་	PART
ཞུ་	ཞུ་	VERB
།		PUNCT
དགེ་འདུན་	དགེ་འདུན་	NOUN
ལ་	ལ་	PART
གྲོག་	གྲོག་	NOUN
ཞུ་	ཞུ་	VERB
སྙམ་པ་	སྙམ་པ་	VERB
གྱིས་	གིས་	PART
ལ་	ལ་	PART
རྗེས་ཟློས་	རྗེས་ཟློས་	NOUN
མཛོད་	མཛོད་	NOUN
།		PUNCT
བཙུན་པ་	བཙུན་པ་	NOUN
དགོངས་	དགོངས་	VERB
སུ་	ལ་	PART
གསོལ་	གསོལ་	VERB
།		PUNCT
བདག་	བདག་	PRON
མིང་	མིང་	NOUN
འདི་	འདི་	DET
ཞེ་	ཅེས་	PART
བགྱི་བ་	བགྱི་བ་	VERB
།		PUNCT
དུས་	དུས་	NOUN
འདི་	འདི་	DET
ན་	ནས་	PART
གཟུང་	གཟུང་	VERB
སྟེ་	སྟེ་	PART
།		PUNCT
ཇི་སྲིད་	ཇི་སྲིད་	PRON
འཚོ་	འཚོ་	VERB
འི་	གི་	PART
བ་	བ་	NOUN
དུ་	ལ་	PART
།		PUNCT
རྐང་	རྐང་	NOUN
གཉིས་	གཉིས་	NUM
རྣམས་	རྣམས་	DET
ཀྱི་	གི་	PART
མཆོག་	མཆོག་	ADJ
།		PUNCT
སངས་རྒྱས་	སངས་རྒྱས་	NOUN
ལ་	ལ་	PART
སྐྱབས་	སྐྱབས་	NOUN
སུ་	ལ་	PART
མཆིའོ་		NON_WORD
། །		PUNCT
ཆགས་པ་	ཆགས་པ་	VERB
དང་	དང་	NO_POS
བྲལ་བ་	བྲལ་བ་	VERB
རྣམས་	རྣམས་	DET
ཀྱི་	གི་	PART
མཆོག་	མཆོག་	ADJ
།		PUNCT
ཆོ་	ཆོ་	NOUN
ལ་	ལ་	PART
སྐྱབས་	སྐྱབས་	NOUN
སུ་	ལ་	PART
མཆིའོ་		NON_WORD
། །		PUNCT
ཚོགས་	ཚོགས་	NOUN
རྣམས་	རྣམས་	DET
ཀྱི་	གི་	PART
མཆོག་	མཆོག་	ADJ
།		PUNCT
དགེ་འདུན་	དགེ་འདུན་	NOUN
ལ་	ལ་	PART
སྐྱབས་	སྐྱབས་	NOUN
སུ་	ལ་	PART
མཆིའོ་		NON_WORD
། །		PUNCT
བདག་	བདག་	PRON
ཇི་སྲིད་	ཇི་སྲིད་	PRON
འཚོ་	འཚོ་	VERB
འི་	གི་	PART
བ་	བ་	NOUN
དུ་	ལ་	PART
།		PUNCT
སྐྱབས་གསུམ་	སྐྱབས་གསུམ་	OTHER
འཛིན་པ་	འཛིན་པ་	VERB
འི་	གི་	PART
དགེ་བསྙེན་	དགེ་བསྙེན་	NOUN
དུ་	ལ་	PART
།		PUNCT
བཙུན་པ་	བཙུན་པ་	NOUN
ས་	གིས་	PART
གཟུང་	གཟུང་	VERB
དུ་	ལ་	PART
གསོལ་	གསོལ་	VERB
།		PUNCT
དེ་ལྟ་	དེ་ལྟ་	NO_POS
ལན་	ལན་	NOUN
གཅིག་	གཅིག་	NUM
སོང་	སོང་	VERB
ན་	ནས་	PART
།		PUNCT
ལན་	ལན་	NOUN
གཉིས་པ་	གཉིས་པ་	NUM
འི་	གི་	PART
རྗེས་ཟློས་	རྗེས་ཟློས་	NOUN
མཛོད་	མཛོད་	NOUN
།		PUNCT
ཅེས་	ཅེས་	PART
ལན་	ལན་	NOUN
གཉིས་པ་	གཉིས་པ་	NUM
གོང་	གོང་	NOUN
ལྟ་	ལྟ་	OTHER
རོ་	རོ་	NOUN
། །		PUNCT
ད་ལན་	ད་ལན་	NO_POS
གསུམ་པ་	གསུམ་པ་	NUM
འི་	གི་	PART
མཇུག་	མཇུག་	NOUN
ཏུ་	ལ་	PART
ཁྱེད་	ཁྱེད་	PRON
རང་	རང་	PRON
རྣམས་	རྣམས་	DET
ཀྱི་	གི་	PART
རྒྱུད་	རྒྱུད་	NOUN
ལ་	ལ་	PART
སྐྱབས་གསུམ་	སྐྱབས་གསུམ་	OTHER
འཛིན་པ་	འཛིན་པ་	VERB
འི་	གི་	PART
དགེ་བསྙེན་	དགེ་བསྙེན་	NOUN
གྱི་	གི་	PART
སྡོམ་པ་	སྡོམ་པ་	NOUN
སྐྱེ་	སྐྱེ་	NOUN
།		PUNCT
ང་	ང་	PRON
ཡང་	ཀྱང་	PART
ཁྱེད་	ཁྱེད་	PRON
རང་	རང་	PRON
རྣམས་	རྣམས་	DET
ཀྱི་	གི་	PART
སློབ་དཔོན་	སློབ་དཔོན་	NOUN
དུ་	ལ་	PART
འགྱུར་བ་	འགྱུར་བ་	VERB
ཡིན་པ་	ཡིན་པ་	AUX
ས་	གིས་	PART
།		PUNCT
འདི་	འདི་	DET
འི་	གི་	PART
རྗེས་ཟློས་	རྗེས་ཟློས་	NOUN
མཛོད་	མཛོད་	NOUN
།		PUNCT
བཙུན་པ་	བཙུན་པ་	NOUN
དགོངས་	དགོངས་	VERB
སུ་	ལ་	PART
གསོལ་	གསོལ་	VERB
།		PUNCT
བདག་	བདག་	PRON
མིང་	མིང་	NOUN
འདི་	འདི་	DET
ཞེ་	ཅེས་	PART
བགྱི་བ་	བགྱི་བ་	VERB
།		PUNCT
དུས་	དུས་	NOUN
འདི་	འདི་	DET
ན་	ནས་	PART
གཟུང་	གཟུང་	VERB
སྟེ་	སྟེ་	PART
།		PUNCT
ཇི་སྲིད་	ཇི་སྲིད་	PRON
འཚོ་	འཚོ་	VERB
འི་	གི་	PART
བ་	བ་	NOUN
དུ་	ལ་	PART
།		PUNCT
རྐང་	རྐང་	NOUN
གཉིས་	གཉིས་	NUM
རྣམས་	རྣམས་	DET
ཀྱི་	གི་	PART
མཆོག་	མཆོག་	ADJ
།		PUNCT
སངས་རྒྱས་	སངས་རྒྱས་	NOUN
ལ་	ལ་	PART
སྐྱབས་	སྐྱབས་	NOUN
སུ་	ལ་	PART
མཆིའོ་		NON_WORD
། །		PUNCT
ཆགས་པ་	ཆགས་པ་	VERB
དང་	དང་	NO_POS
བྲལ་བ་	བྲལ་བ་	VERB
རྣམས་	རྣམས་	DET
ཀྱི་	གི་	PART
མཆོག་	མཆོག་	ADJ
།		PUNCT
ཆོ་	ཆོ་	NOUN
ལ་	ལ་	PART
སྐྱབས་	སྐྱབས་	NOUN
སུ་	ལ་	PART
མཆིའོ་		NON_WORD
། །		PUNCT
ཚོགས་	ཚོགས་	NOUN
རྣམས་	རྣམས་	DET
ཀྱི་	གི་	PART
མཆོག་	མཆོག་	ADJ
།		PUNCT
དགེ་འདུན་	དགེ་འདུན་	NOUN
ལ་	ལ་	PART
སྐྱབས་	སྐྱབས་	NOUN
སུ་	ལ་	PART
མཆིའོ་		NON_WORD
། །		PUNCT
བདག་	བདག་	PRON
ཇི་སྲིད་	ཇི་སྲིད་	PRON
འཚོ་	འཚོ་	VERB
འི་	གི་	PART
བ་	བ་	NOUN
དུ་	ལ་	PART
།		PUNCT
སྐྱབས་གསུམ་	སྐྱབས་གསུམ་	OTHER
འཛིན་པ་	འཛིན་པ་	VERB
འི་	གི་	PART
དགེ་བསྙེན་	དགེ་བསྙེན་	NOUN
དུ་	ལ་	PART
།		PUNCT
སློབ་དཔོན་	སློབ་དཔོན་	NOUN
གྱིས་	གིས་	PART
གཟུང་	གཟུང་	VERB
དུ་	ལ་	PART
གསོལ་	གསོལ་	VERB
།		PUNCT
ད་	ད་	ADV
ངེད་	ངེད་	PRON
ཀྱིས་	གིས་	PART
ཐབས་	ཐབས་	NOUN
ཡིན་	ཡིན་	NO_POS
ནོ་	གོ་	PART
། །		PUNCT
བརྗོད་པ་	བརྗོད་པ་	VERB
འི་	གི་	PART
ཚེ་	ཚེ་	NOUN
།		PUNCT
ཁྱོད་	ཁྱོད་	PRON
རང་	རང་	PRON
ལེགས་	ལེགས་	VERB
སོ་	གོ་	PART
། །		PUNCT
བརྗོད་	བརྗོད་	VERB
ཅིག་	ཅིག་	PART
།		PUNCT
རང་	རང་	PRON
གིས་	གིས་	PART
།		PUNCT
ཐབས་	ཐབས་	NOUN
ཡིན་	ཡིན་	NO_POS
ནོ་	གོ་	PART
། །		PUNCT
སློབ་མ་	སློབ་མ་	NOUN
ས་	གིས་	PART
།		PUNCT
ལེགས་	ལེགས་	VERB
སོ་	གོ་	PART
། །		PUNCT
བརྗོད་	བརྗོད་	VERB
དོ་	གོ་	PART
། །		PUNCT
དེ་	དེ་	DET
ས་	གིས་	PART
ཁྱེད་	ཁྱེད་	PRON
རྣམས་	རྣམས་	DET
ལ་	ལ་	PART
སྐྱབས་གསུམ་	སྐྱབས་གསུམ་	OTHER
འཛིན་པ་	འཛིན་པ་	VERB
འི་	གི་	PART
དགེ་བསྙེན་	དགེ་བསྙེན་	NOUN
གྱི་	གི་	PART
སྡོམ་པ་	སྡོམ་པ་	NOUN
ལེགས་པ་	ལེགས་པ་	VERB
ར་	ལ་	PART
ཐོབ་པ་	ཐོབ་པ་	VERB
ཡིན་པ་	ཡིན་པ་	AUX
ས་	གིས་	PART
།		PUNCT
དེང་	དེང་	ADV
ཕྱིན་ཆད་	ཕྱིན་ཆད་	ADV
བསླབ་པ་	བསླབ་པ་	VERB
རྣམས་	རྣམས་	DET
བསྲུང་	བསྲུང་	NO_POS
དགོས་	དགོས་	VERB
།		PUNCT
དེ་	སྟེ་	PART
ལ་	ལ་	PART
བསྲུང་	བསྲུང་	NO_POS
བྱ་	བྱ་	VERB
འི་	གི་	PART
བསླབ་པ་	བསླབ་པ་	VERB
དགུ་སྟེ་	དགུ་སྟེ་	NO_POS
།		PUNCT
སངས་རྒྱས་	སངས་རྒྱས་	NOUN
ལ་	ལ་	PART
སྐྱབས་	སྐྱབས་	NOUN
སུ་	ལ་	PART
སོང་	སོང་	VERB
ན་	ལ་	PART
།		PUNCT
སངས་རྒྱས་	སངས་རྒྱས་	NOUN
ཀྱི་	གི་	PART
སྐུ་གཟུགས་	སྐུ་གཟུགས་	NOUN
།		PUNCT
ཐ་ན་	ཐ་ན་	NO_POS
སཙྪའི་		NON_WORD
དུམ་བུ་	དུམ་བུ་	NOUN
ཡན་ཆད་	ཡན་ཆད་	ADV
ལ་མ་	ལ་མ་	NO_POS
གུས་པ་	གུས་པ་	VERB
སྤང་	སྤང་	VERB
ཞིང་	ཅིང་	PART
གུས་པ་	གུས་པ་	VERB
བསྒྲུབ་	བསྒྲུབ་	VERB
།		PUNCT
ཆོ་	ཆོ་	NOUN
ལ་	ལ་	PART
སྐྱབས་	སྐྱབས་	NOUN
སུ་	ལ་	PART
སོང་	སོང་	VERB
ན་	ལ་	PART
།		PUNCT
ཆོ་	ཆོ་	NOUN
ཡི་གེ་	ཡི་གེ་	NOUN
འབྲུ་	འབྲུ་	NOUN
གཅིག་	གཅིག་	NUM
ཡན་ཆད་	ཡན་ཆད་	ADV
ལ་	ལ་	PART
གུས་པ་	གུས་པ་	VERB
བྱ་	བྱ་	VERB
།		PUNCT
དགེ་འདུན་	དགེ་འདུན་	NOUN
ལ་	ལ་	PART
སྐྱབས་	སྐྱབས་	NOUN
སུ་	ལ་	PART
སོང་	སོང་	VERB
ན་	ལ་	PART
།		PUNCT
ཐ་ན་	ཐ་ན་	NO_POS
ལྷན་པ་	ལྷན་པ་	NOUN
སེར་པོ་	སེར་པོ་	ADJ
གྲུ་བཞི་	གྲུ་བཞི་	ADJ
བཏབ་པ་	བཏབ་པ་	VERB
ཡན་ཆད་	ཡན་ཆད་	ADV
ལ་མ་	ལ་མ་	NO_POS
གུས་པ་	གུས་པ་	VERB
སྤང་	སྤང་	VERB
ཞིང་	ཅིང་	PART
གུས་པ་	གུས་པ་	VERB
བསྒྲུབ་	བསྒྲུབ་	VERB
།		PUNCT
སངས་རྒྱས་	སངས་རྒྱས་	NOUN
ལ་	ལ་	PART
སྐྱབས་	སྐྱབས་	NOUN
སུ་	ལ་	PART
སོང་	སོང་	VERB
ན་	ལ་	PART
།		PUNCT
ཕྱི་རོལ་པ་	ཕྱི་རོལ་པ་	NOUN
འི་	གི་	PART
ལྷ་	ལྷ་	NOUN
ལ་	ལ་	PART
ཕྱག་	ཕྱག་	NOUN
མི་	མི་	PART
འཚལ་	འཚལ་	VERB
།		PUNCT
ཆོ་	ཆོ་	NOUN
ལ་	ལ་	PART
སྐྱབས་	སྐྱབས་	NOUN
སུ་	ལ་	PART
སོང་	སོང་	VERB
ན་	ལ་	PART
།		PUNCT
སེམས་ཅན་	སེམས་ཅན་	NOUN
ལ་	ལ་	PART
གནོད་པ་	གནོད་པ་	VERB
མི་	མི་	PART
བྱ་	བྱ་	VERB
།		PUNCT
དགེ་འདུན་	དགེ་འདུན་	NOUN
ལ་	ལ་	PART
སྐྱབས་	སྐྱབས་	NOUN
སུ་	ལ་	PART
སོང་	སོང་	VERB
ན་	ལ་	PART
།		PUNCT
གྲོག་	གྲོག་	NOUN
མུ་སྟེགས་	མུ་སྟེགས་	NOUN
ཅན་	ཅན་	PART
མི་	མི་	PART
བསྟེན་	བསྟེན་	VERB
།		PUNCT
ནངས་ནུབ་	ནངས་ནུབ་	NO_POS
སྐྱབས་འགྲོ་	སྐྱབས་འགྲོ་	OTHER
ལ་	ལ་	PART
བརྩོན་པ་	བརྩོན་པ་	VERB
དང་	དང་	NO_POS
།		PUNCT
ཅི་	ཅི་	NO_POS
ཟ་	ཟ་	VERB
ཅི་	ཅི་	NO_POS
འཐུང་	འཐུང་	NO_POS
ཕུད་	ཕུད་	NO_POS
ཀྱིས་	གིས་	PART
དཀོན་མཆོག་	དཀོན་མཆོག་	NOUN
གསུམ་	གསུམ་	NUM
མཆོད་པ་	མཆོད་པ་	VERB
དང་	དང་	NO_POS
།		PUNCT
ན་ཚ་	ན་ཚ་	NOUN
སྡུག་བསྔལ་	སྡུག་བསྔལ་	NOUN
ཅི་	ཅི་	NO_POS
བྱུང་	བྱུང་	VERB
ཡང་	ཀྱང་	PART
དཀོན་མཆོག་	དཀོན་མཆོག་	NOUN
གསུམ་	གསུམ་	NUM
ལ་	ལ་	ADP
ས་	གིས་	PART
གཞན་པ་	གཞན་པ་	DET
འི་	གི་	PART
སྐྱབས་	སྐྱབས་	NOUN
མི་	མི་	PART
ཚོལ་བ་	ཚོལ་བ་	VERB
རྣམས་	རྣམས་	DET
ལེགས་པ་	ལེགས་པ་	VERB
ར་	ལ་	PART
སྲུངས་	སྲུངས་	VERB
ཤིག་	ཅིག་	PART
།		PUNCT
གལ་ཏེ་	གལ་ཏེ་	NO_POS
དེ་	སྟེ་	PART
རྣམས་	རྣམས་	DET
མ་	མ་	PART
བསྲུང་	བསྲུང་	NO_POS
ན་	ལ་	PART
སྐྱབས་	སྐྱབས་	NOUN
སུ་	ལ་	PART
འགྲོ་བ་	འགྲོ་བ་	VERB
འི་	གི་	PART
སྡོམ་པ་	སྡོམ་པ་	NOUN
ལ་	ལ་	ADP
ས་	གིས་	PART
ཉམས་པ་	ཉམས་པ་	VERB
ས་	གིས་	PART
།		PUNCT
ཚེ་	ཚེ་	NOUN
འདི་	འདི་	DET
ཕྱི་	ཕྱི་	NOUN
འི་	གི་	PART
སྐྱབས་	སྐྱབས་	NOUN
མེད་	མེད་	VERB
ཅིང་	ཅིང་	PART
ངན་སོང་	ངན་སོང་	NOUN
དང་	དང་	NO_POS
འཁོར་བ་	འཁོར་བ་	NOUN
མཐའ་མེད་	མཐའ་མེད་	NO_POS
དུ་	ལ་	PART
འཁྱམས་པ་	འཁྱམས་པ་	VERB
འི་	གི་	PART
ཉེས་པ་	ཉེས་པ་	VERB
ཆེན་པོ་	ཆེན་པོ་	ADJ
འོང་	འོང་	VERB
།		PUNCT
ལེགས་པ་	ལེགས་པ་	VERB
ར་	ལ་	PART
བསྲུངས་	བསྲུངས་	NO_POS
ན་	ལ་	PART
།		PUNCT
སྐྱེ་བོ་	སྐྱེ་བོ་	NOUN
ཐ་མལ་པ་	ཐ་མལ་པ་	ADJ
དང་	དང་	NO_POS
།		PUNCT
ཕྱི་རོལ་པ་	ཕྱི་རོལ་པ་	NOUN
ལ་	ལ་	ADP
ས་	གིས་	PART
ཁྱད་པར་	ཁྱད་པར་	NOUN
དུ་	ལ་	PART
འཕགས་པ་	འཕགས་པ་	VERB
དང་	དང་	NO_POS
།		PUNCT
སྡོམ་པ་	སྡོམ་པ་	NOUN
དང་	དང་	NO_POS
དམ་ཚིག་	དམ་ཚིག་	NOUN
ཐམས་ཅད་	ཐམས་ཅད་	DET
ཀྱི་	གི་	PART
གཞི་	གཞི་	NOUN
རྟེན་	རྟེན་	NOUN
དུ་	ལ་	PART
འགྱུར་བ་	འགྱུར་བ་	VERB
དང་	དང་	NO_POS
།		PUNCT
སངས་རྒྱས་	སངས་རྒྱས་	NOUN
བཅོམ་ལྡན་འདས་	བཅོམ་ལྡན་འདས་	NOUN
ཀྱི་	གི་	PART
འཁོར་	འཁོར་	NOUN
རྣམ་	རྣམ་	NOUN
བཞི་	བཞི་	NUM
འི་	གི་	PART
གྲ་	གྲ་	NOUN
ར་	ལ་	PART
ཆུད་པ་	ཆུད་པ་	VERB
དང་	དང་	NO_POS
།		PUNCT
ལ་	ལ་	ADP
ས་	གིས་	PART
ཀྱི་	གི་	PART
རྣམ་སྨིན་	རྣམ་སྨིན་	NOUN
མ་གཏོགས་པ་	མ་གཏོགས་པ་	NO_POS
འི་	གི་	PART
།		PUNCT
ཚེ་	ཚེ་	NOUN
འདི་	འདི་	DET
འི་	གི་	PART
ནད་	ནད་	NOUN
དང་	དང་	NO_POS
སྡུག་བསྔལ་	སྡུག་བསྔལ་	NOUN
ཐམས་ཅད་	ཐམས་ཅད་	DET
ལ་	ལ་	ADP
ས་	གིས་	PART
སྐྱོབ་པ་	སྐྱོབ་པ་	VERB
དང་	དང་	NO_POS
།		PUNCT
སྡིག་པ་	སྡིག་པ་	VERB
ཐམས་ཅད་	ཐམས་ཅད་	DET
སྲབ་པ་	སྲབ་པ་	VERB
ར་	ལ་	PART
འགྱུར་བ་	འགྱུར་བ་	VERB
དང་	དང་	NO_POS
།		PUNCT
ངན་སོང་	ངན་སོང་	NOUN
དུ་	ལ་	PART
མི་ལྟུང་བ་	མི་ལྟུང་བ་	NO_POS
སོགས་	སོགས་	DET
ཕན་ཡོན་	ཕན་ཡོན་	NOUN
ཆེན་པོ་	ཆེན་པོ་	ADJ
ཐོབ་	ཐོབ་	VERB
སྟེ་	སྟེ་	PART
།		PUNCT
ཨོ་རྒྱན་	ཨོ་རྒྱན་	PROPN
རིན་པོ་ཆེ་	རིན་པོ་ཆེ་	ADJ
ས་	གིས་	PART
།		PUNCT
རྟེན་	རྟེན་	NOUN
སྡོམ་པ་	སྡོམ་པ་	NOUN
གསུམ་	གསུམ་	NUM
གྱི་	གི་	PART
རྟེན་	རྟེན་	NOUN
དུ་	ལ་	PART
རུང་	རུང་	SCONJ
།		PUNCT
ཅི་	ཅི་	NO_POS
བྱ་	བྱ་	VERB
ཚོགས་	ཚོགས་	NOUN
སུ་	ལ་	PART
འགྲོ་	འགྲོ་	VERB
།		PUNCT
གནས་སྐབས་	གནས་སྐབས་	NOUN
ཀྱི་	གི་	PART
བར་ཆད་	བར་ཆད་	NOUN
སེལ་བ་	སེལ་བ་	VERB
དང་	དང་	NO_POS
།		PUNCT
འཁོར་བ་	འཁོར་བ་	NOUN
འི་	གི་	PART
དུཿ་	དུཿ་	NO_POS
ཁ་ལས་	ཁ་ལས་	NO_POS
སྐྱོབ་	སྐྱོབ་	VERB
།		PUNCT
མུ་སྟེགས་	མུ་སྟེགས་	NOUN
ལ་སོགས་པ་	ལ་སོགས་པ་	NO_POS
ལམ་ལོག་པ་	ལམ་ལོག་པ་	NO_POS
ར་	ལ་	PART
མི་	མི་	PART
འགྲོ་	འགྲོ་	VERB
།		PUNCT
ལམ་	གམ་	PART
དམ་པ་	དམ་པ་	VERB
འི་	གི་	PART
གཞི་	གཞི་	NOUN
ཐིངས་	ཐིངས་	NO_POS
བ་	བ་	ADP
ཅི་	ཅི་	NO_POS
བྱ་	བྱ་	VERB
ཚོགས་	ཚོགས་	NOUN
སུ་	ལ་	PART
འགྲོ་བ་	འགྲོ་བ་	VERB
ས་	གིས་	PART
མཆོག་	མཆོག་	ADJ
ཏུ་	ལ་	PART
གཅེས་པ་	གཅེས་པ་	VERB
ཡིན་	ཡིན་	NO_POS
ནོ་	གོ་	PART
། །		PUNCT
ཞེ་	ཅེས་	PART
གསུངས་	གསུངས་	VERB
སོ་	གོ་	PART
། །		PUNCT
ད་	ད་	ADV
མིང་འདོགས་པ་	མིང་འདོགས་པ་	NO_POS
དང་	དང་	NO_POS
སྐྲ་	སྐྲ་	NOUN
བྲེག་པ་	བྲེག་པ་	NON_WORD
ནི་	ནི་	NO_POS
།		PUNCT
འདུལ་བ་	འདུལ་བ་	VERB
འི་	གི་	PART
གཞུང་ལས་	གཞུང་ལས་	NO_POS
ནི་	ནི་	NO_POS
རབ་བྱུང་	རབ་བྱུང་	NOUN
དང་	དང་	NO_POS
དགེ་ཚུལ་	དགེ་ཚུལ་	VERB
སྒྲུབ་པ་	སྒྲུབ་པ་	VERB
འི་	གི་	PART
དུས་	དུས་	NOUN
ཀྱི་	གི་	PART
བ་	བ་	NOUN
བྱེད་	བྱེད་	VERB
དགོས་པ་	དགོས་པ་	VERB
ར་	ལ་	PART
ཡང་	ཀྱང་	PART
མ་	མ་	PART
གསུངས་	གསུངས་	VERB
ན་	ན་	ADP
འང་	ཀྱང་	PART
།		PUNCT
བོད་ཡུལ་	བོད་ཡུལ་	PROPN
འདི་	འདི་	DET
ར་	ལ་	PART
ཚངས་སྤྱོད་	ཚངས་སྤྱོད་	NO_POS
དགེ་བསྙེན་	དགེ་བསྙེན་	NOUN
ལ་	ལ་	PART
སྐྲ་	སྐྲ་	NOUN
བྲེག་པ་	བྲེག་པ་	NON_WORD
དང་	དང་	NO_POS
།		PUNCT
མིང་	མིང་	NOUN
བརྗེ་བ་	བརྗེ་བ་	VERB
སོགས་	སོགས་	DET
བྱེད་པ་	བྱེད་པ་	VERB
ར་	ལ་	PART
བོད་	བོད་	PROPN
ཀྱི་	གི་	PART
མཁས་གྲུབ་	མཁས་གྲུབ་	NOUN
ཀུན་	ཀུན་	DET
གྱི་	གི་	PART
ཕྱག་བཞེས་	ཕྱག་བཞེས་	OTHER
སུ་	ལ་	PART
གྲག་	གྲག་	VERB
ཆེ་	ཆེ་	VERB
ཞིང་	ཅིང་	PART
།		PUNCT
ཁྱད་པར་	ཁྱད་པར་	NOUN
དུའང་		NON_WORD
གངས་ཅན་	གངས་ཅན་	ADJ
ལྗོངས་	ལྗོངས་	NOUN
ཀྱི་	གི་	PART
གྲྭ་	གྲྭ་	NOUN
ས་	ས་	ADP
ཆེན་པོ་	ཆེན་པོ་	ADJ
འཛིན་པ་	འཛིན་པ་	VERB
འི་	གི་	PART
གདུང་རྒྱུད་པ་	གདུང་རྒྱུད་པ་	OTHER
རྣམས་	རྣམས་	DET
ལ་	ལ་	PART
སྐྱབས་གསུམ་	སྐྱབས་གསུམ་	OTHER
འཛིན་པ་	འཛིན་པ་	VERB
འི་	གི་	PART
དགེ་བསྙེན་	དགེ་བསྙེན་	NOUN
དུ་	ལ་	PART
བསྒྲུབས་	བསྒྲུབས་	VERB
ན་	ནས་	PART
སྐྲ་ཕུད་	སྐྲ་ཕུད་	NO_POS
ལེན་	ལེན་	VERB
ཅིང་	ཅིང་	PART
མཚན་	མཚན་	NOUN
གསོལ་	གསོལ་	VERB
།		PUNCT
རབ་ཏུ་	རབ་ཏུ་	NO_POS
བྱུང་བ་	བྱུང་བ་	VERB
འི་	གི་	PART
ན་བཟའ་	ན་བཟའ་	NOUN
ཡང་	ཀྱང་	PART
མནབ་	མནབ་	NO_POS
སྲོལ་	སྲོལ་	NOUN
དང་	དང་	NO_POS
།		PUNCT
མཐའ་འཁོབ་	མཐའ་འཁོབ་	NOUN
རྒྱལ་པོ་	རྒྱལ་པོ་	NOUN
དང་	དང་	NO_POS
བློན་པོ་	བློན་པོ་	NOUN
ཆེན་པོ་	ཆེན་པོ་	ADJ
རྣམས་	རྣམས་	DET
ལ་	ལ་	PART
ཡང་	ཀྱང་	PART
།		PUNCT
སྐྱབས་གསུམ་	སྐྱབས་གསུམ་	OTHER
འཛིན་པ་	འཛིན་པ་	VERB
འི་	གི་	PART
དགེ་བསྙེན་	དགེ་བསྙེན་	NOUN
དུ་	ལ་	PART
བསྒྲུབས་	བསྒྲུབས་	VERB
ན་	ནས་	PART
།		PUNCT
མཚན་	མཚན་	NOUN
གསོལ་	གསོལ་	VERB
སྐྲ་ཕུད་	སྐྲ་ཕུད་	NO_POS
ལེན་པ་	ལེན་པ་	VERB
ར་	ལ་	PART
བོད་	བོད་	PROPN
ཀྱི་	གི་	PART
བླ་ཆེན་	བླ་ཆེན་	PROPN
རྣམས་	རྣམས་	DET
ཀྱིས་	གིས་	PART
མཛད་པ་	མཛད་པ་	VERB
འི་	གི་	PART
ཕྱག་ལེན་	ཕྱག་ལེན་	NOUN
ལྟ་	ལྟ་	OTHER
།		PUNCT
སྐྲ་ཕུད་	སྐྲ་ཕུད་	NO_POS
ལེན་པ་	ལེན་པ་	VERB
ཡིན་པ་	ཡིན་པ་	AUX
ས་	གིས་	PART
།		PUNCT
གཙུག་ཕུད་	གཙུག་ཕུད་	NOUN
བྲེག་		NON_WORD
གམ་	གམ་	PART
བརྗོད་	བརྗོད་	VERB
དུས་	དུས་	NOUN
སློབ་མ་	སློབ་མ་	NOUN
ས་	གིས་	PART
བྲེགས་	བྲེགས་	VERB
སྨྲོས་	སྨྲོས་	VERB
ཤིག་	ཅིག་	PART
།		PUNCT
མཆོད་གཡོག་	མཆོད་གཡོག་	NO_POS
གཅིག་	གཅིག་	NUM
གིས་	གིས་	PART
གྲི་	གྲི་	NOUN
བཟུང་	བཟུང་	NO_POS
ན་	ནས་	PART
།		PUNCT
སྐྲ་	སྐྲ་	NOUN
ལ་	ལ་	PART
འཇུ་	འཇུ་	NO_POS
བཅུག་	བཅུག་	VERB
ལ་	ལ་	PART
།		PUNCT
སློབ་དཔོན་	སློབ་དཔོན་	NOUN
གྱིས་	གིས་	PART
།		PUNCT
གཙུག་ཕུད་	གཙུག་ཕུད་	NOUN
བྲེག་		NON_WORD
གམ་	གམ་	PART
།		PUNCT
བརྗོད་	བརྗོད་	VERB
དུས་	དུས་	NOUN
།		PUNCT
སློབ་མ་	སློབ་མ་	NOUN
ས་	གིས་	PART
།		PUNCT
བྲེགས་	བྲེགས་	VERB
།		PUNCT
བརྗོད་	བརྗོད་	VERB
།		PUNCT
སྐྲ་ཕུད་	སྐྲ་ཕུད་	NO_POS
སློབ་དཔོན་	སློབ་དཔོན་	NOUN
གྱི་	གི་	PART
ཕྱག་	ཕྱག་	NOUN
ཏུ་	ལ་	PART
བཞག་	བཞག་	VERB
།		PUNCT
དེ་ནས་	དེ་ནས་	NO_POS
རྟེན་	རྟེན་	NOUN
གྱི་	གི་	PART
མདུན་	མདུན་	NOUN
དེ་	དེ་	DET
ར་	ལ་	PART
བཞག་	བཞག་	VERB
གོ་	གོ་	PART
།		PUNCT
འོ་	གོ་	PART
དེ་	སྟེ་	PART
སྔ་	སྔ་	ADV
ཁྱོད་	ཁྱོད་	PRON
རྣམས་	རྣམས་	DET
སངས་རྒྱས་	སངས་རྒྱས་	NOUN
ཀྱི་	གི་	PART
བསྟན་པ་	བསྟན་པ་	VERB
འི་	གི་	PART
གྲ་	གྲ་	NOUN
ར་	ལ་	PART
མ་	མ་	PART
ཚུད་	ཚུད་	VERB
།		PUNCT
དམ་པ་	དམ་པ་	VERB
འི་	གི་	PART
ཆོས་སྒོ་	ཆོས་སྒོ་	NOUN
ར་	ལ་	PART
མ་	མ་	PART
ཞུགས་པ་	ཞུགས་པ་	VERB
ཡིན་པ་	ཡིན་པ་	AUX
ལ་	ལ་	ADP
ས་	གིས་	PART
།		PUNCT
དེ་རིང་	དེ་རིང་	ADV
ན་	ནས་	PART
དམ་པ་	དམ་པ་	VERB
འི་	གི་	PART
ཆོས་སྒོ་	ཆོས་སྒོ་	NOUN
ར་	ལ་	PART
ཞུགས་པ་	ཞུགས་པ་	VERB
ཡིན་པ་	ཡིན་པ་	AUX
ལ་	ལ་	ADP
ས་	གིས་	PART
།		PUNCT
སྐྲ་	སྐྲ་	NOUN
བྲེགས་	བྲེགས་	VERB
མིང་	མིང་	NOUN
བརྗེ་བ་	བརྗེ་བ་	VERB
འདི་	འདི་	DET
བརྗེད་ཐོ་	བརྗེད་ཐོ་	NO_POS
ཡིན་པ་	ཡིན་པ་	AUX
ས་	གིས་	PART
།		PUNCT
བསམ་པ་	བསམ་པ་	VERB
ཐམས་ཅད་	ཐམས་ཅད་	DET
དམ་པ་	དམ་པ་	VERB
འི་	གི་	PART
ཆོ་	ཆོ་	NOUN
དང་	དང་	NO_POS
མཐུན་པ་	མཐུན་པ་	VERB
ར་	ལ་	PART
མཛོད་	མཛོད་	NOUN
ཅིག་	ཅིག་	PART
།		PUNCT
མིང་	མིང་	NOUN
ཡང་	ཀྱང་	PART
རྒྱ་གར་	རྒྱ་གར་	PROPN
ན་	ལ་	PART
ཉན་ཐོས་	ཉན་ཐོས་	NOUN
སྡེ་པ་	སྡེ་པ་	NOUN
བཅོ་བརྒྱད་	བཅོ་བརྒྱད་	NO_POS
སོ་སོ་	སོ་སོ་	PRON
འི་	གི་	PART
མིང་	མིང་	NOUN
ན་	ནས་	PART
དྲངས་	དྲངས་	NO_POS
ན་	ནས་	PART
འདོགས་	འདོགས་	VERB
།		PUNCT
བོད་	བོད་	PROPN
དུ་	ལ་	PART
སློབ་དཔོན་	སློབ་དཔོན་	NOUN
སོ་སོ་	སོ་སོ་	PRON
འི་	གི་	PART
མཁན་པོ་	མཁན་པོ་	NOUN
འི་	གི་	PART
མཚན་	མཚན་	NOUN
ལ་	ལ་	PART
དྲངས་	དྲངས་	NO_POS
ན་	ནས་	PART
འདོགས་པ་	འདོགས་པ་	VERB
འི་	གི་	PART
སྲོལ་	སྲོལ་	NOUN
སྣང་	སྣང་	VERB
ན་	ན་	ADP
འང་	ཀྱང་	PART
།		PUNCT
ཨོ་རྒྱན་	ཨོ་རྒྱན་	PROPN
རིན་པོ་ཆེ་	རིན་པོ་ཆེ་	ADJ
འི་	གི་	PART
ལུང་བསྟན་	ལུང་བསྟན་	NOUN
བཀའ་	བཀའ་	NOUN
རྒྱ་མ་	རྒྱ་མ་	NO_POS
ལ་	ལ་	ADP
ས་	གིས་	PART
།		PUNCT
པདྨ་	པདྨ་	NOUN
ལ་	ལ་	PART
དྲངས་	དྲངས་	NO_POS
ན་	ནས་	PART
འདོགས་པ་	འདོགས་པ་	VERB
ལེགས་པ་	ལེགས་པ་	VERB
ར་	ལ་	PART
གསུངས་པ་	གསུངས་པ་	VERB
ས་	གིས་	PART
།		PUNCT
ད་ལམ་	ད་ལམ་	NO_POS
ཁྱོད་	ཁྱོད་	PRON
ཀྱི་	གི་	PART
མིང་	མིང་	NOUN
ལ་	ལ་	ADP
འང་	ཀྱང་	PART
ཆེ་	ཆེ་	VERB
གེ་	གེ་	NO_POS
ཐོགས་	ཐོགས་	VERB
།		PUNCT
ཞེ་	ཅེས་	PART
ཨོ་རྒྱན་	ཨོ་རྒྱན་	PROPN
ནམ་	གམ་	PART
།		PUNCT
པདྨ་	པདྨ་	NOUN
འམ་	གམ་	PART
།		PUNCT
གུ་རུ་	གུ་རུ་	PROPN
འམ་	གམ་	PART
།		PUNCT
རྡོ་རྗེ་	རྡོ་རྗེ་	NOUN
སོགས་	སོགས་	DET
ཀྱི་	གི་	PART
དབུ་ཅན་	དབུ་ཅན་	NO_POS
ལ་	ལ་	PART
།		PUNCT
སྦྱིན་པ་	སྦྱིན་པ་	VERB
།		PUNCT
ཚུལ་ཁྲིམས་	ཚུལ་ཁྲིམས་	NOUN
།		PUNCT
བཟོད་པ་	བཟོད་པ་	VERB
།		PUNCT
བརྩོན་འགྲུས་	བརྩོན་འགྲུས་	NOUN
།		PUNCT
བསམ་གཏན་	བསམ་གཏན་	NOUN
།		PUNCT
ཤེས་རབ་	ཤེས་རབ་	NOUN
།		PUNCT
ཐབས་མཁས་	ཐབས་མཁས་	NO_POS
།		PUNCT
སྟོབས་ཆེན་	སྟོབས་ཆེན་	OTHER
།		PUNCT
ཡེ་ཤེས་	ཡེ་ཤེས་	NOUN
།		PUNCT
སྙིང་རྗེ་	སྙིང་རྗེ་	NOUN
།		PUNCT
བྱམས་པ་	བྱམས་པ་	PROPN
།		PUNCT
དགའ་བ་	དགའ་བ་	VERB
།		PUNCT
ཀུན་ཁྱབ་	ཀུན་ཁྱབ་	OTHER
།		PUNCT
རབ་དགའ་	རབ་དགའ་	PROPN
།		PUNCT
དྲི་མེད་	དྲི་མེད་	ADJ
།		PUNCT
འོད་འཕྲོ་	འོད་འཕྲོ་	NO_POS
།		PUNCT
འོད་ཟེར་	འོད་ཟེར་	NOUN
།		PUNCT
རྣམ་དག་	རྣམ་དག་	ADJ
།		PUNCT
བློ་གྲོས་	བློ་གྲོས་	NOUN
།		PUNCT
ལེགས་པ་	ལེགས་པ་	VERB
།		PUNCT
ཆོས་མཆོག་	ཆོས་མཆོག་	PROPN
།		PUNCT
ཆོས་སྐུ་	ཆོས་སྐུ་	NOUN
།		PUNCT
འོད་གསལ་	འོད་གསལ་	NOUN
།		PUNCT
སློབ་	སློབ་	VERB
ལམ་	གམ་	PART
།		PUNCT
མཐ་	མཐའ་	NOUN
ར་	ལ་	PART
ཕྱིན་	ཕྱིན་	VERB
།		PUNCT
མཉམ་ཉིད་	མཉམ་ཉིད་	NOUN
།		PUNCT
དོན་གྲུབ་	དོན་གྲུབ་	PROPN
།		PUNCT
ཡོན་ཏན་	ཡོན་ཏན་	NOUN
།		PUNCT
ཚངས་དབྱངས་	ཚངས་དབྱངས་	NOUN
།		PUNCT
ནོར་བུ་	ནོར་བུ་	NOUN
།		PUNCT
ཆོས་འཁོར་	ཆོས་འཁོར་	NOUN
།		PUNCT
རྟ་མཆོག་	རྟ་མཆོག་	NOUN
གླང་པོ་	གླང་པོ་	NOUN
།		PUNCT
བརྒྱ་བྱིན་	བརྒྱ་བྱིན་	PROPN
ལ་སོགས་	ལ་སོགས་	NO_POS
།		PUNCT
གཞན་	གཞན་	DET
གང་	གང་	NO_POS
འོ་	འོ་	VERB
བཏགས་	བཏགས་	VERB
སོ་	གོ་	PART
། །		PUNCT
འོ་	གོ་	PART
དེ་	དེ་	DET
ས་	གིས་	PART
ཁྱེད་	ཁྱེད་	PRON
རྣམས་	རྣམས་	DET
ཀྱིས་	གིས་	PART
སྐྱབས་གསུམ་	སྐྱབས་གསུམ་	OTHER
འཛིན་པ་	འཛིན་པ་	VERB
འི་	གི་	PART
དགེ་བསྙེན་	དགེ་བསྙེན་	NOUN
གྱི་	གི་	PART
སྡོམ་པ་	སྡོམ་པ་	NOUN
ལེགས་པ་	ལེགས་པ་	VERB
ར་	ལ་	PART
ཐོབ་པ་	ཐོབ་པ་	VERB
ཡིན་པ་	ཡིན་པ་	AUX
ས་	གིས་	PART
བཀའ་དྲིན་	བཀའ་དྲིན་	NOUN
ཆེ་	ཆེ་	VERB
འོ་	གོ་	PART
། །		PUNCT
ཞེ་	ཅེས་	PART
བརྗོད་	བརྗོད་	VERB
ལ་	ལ་	PART
ཕྱག་	ཕྱག་	NOUN
གསུམ་	གསུམ་	NUM
འཚོལ་	འཚོལ་	VERB
།		PUNCT
ཞེ་	ཅེས་	PART
བརྗོད་	བརྗོད་	VERB
ལ་	ལ་	PART
གྲོལ་	གྲོལ་	VERB
ལོ་	གོ་	PART
། །		PUNCT
དེ་ནས་	དེ་ནས་	NO_POS
སྐྲ་	སྐྲ་	NOUN
སྐར་	སྐར་	NO_POS
ལེགས་པ་	ལེགས་པ་	VERB
ར་	ལ་	PART
བརྩིས་	བརྩིས་	NO_POS
ལ་	ལ་	PART
།		PUNCT
དེ་	སྟེ་	PART
ཉིན་	ཉིན་	NOUN
རུང་	རུང་	ADP
ན་	ལ་	PART
ལེགས་	ལེགས་	VERB
མི་	མི་	PART
རུང་	རུང་	SCONJ
ན་	ལ་	PART
རྗེས་སོར་	རྗེས་སོར་	NO_POS
སྐར་མ་	སྐར་མ་	NOUN
ལེགས་	ལེགས་	VERB
དུས་	དུས་	NOUN
སྐྲ་	སྐྲ་	NOUN
བྲེག་པ་	བྲེག་པ་	NON_WORD
ར་	ལ་	PART
བྱ་	བྱ་	VERB
འོ་	གོ་	PART
། །		PUNCT
རབ་བྱུང་	རབ་བྱུང་	NOUN
གི་	གི་	PART
སེར་གོས་	སེར་གོས་	NO_POS
རྣམས་	རྣམས་	DET
འདུལ་བ་	འདུལ་བ་	VERB
ན་	ནས་	PART
རབ་བྱུང་	རབ་བྱུང་	NOUN
བསྒྲུབ་	བསྒྲུབ་	VERB
དུས་	དུས་	NOUN
ངེས་པ་		
སེར་གོས་	སེར་གོས་	NO_POS
དགོས་པ་	དགོས་པ་	VERB
འི་	གི་	PART
ངེས་པ་	ངེས་པ་	VERB
མེད་	མེད་	VERB
ཀྱང་	ཀྱང་	PART
།		PUNCT
བོད་	བོད་	PROPN
དུ་	ལ་	PART
དགེ་བསྙེན་	དགེ་བསྙེན་	NOUN
ལ་	ལ་	PART
བཙུན་	བཙུན་	VERB
ཆ་	ཆ་	NOUN
ས་	གིས་	PART
བྱེད་སྲོལ་	བྱེད་སྲོལ་	NO_POS
ཡོད་པ་	ཡོད་པ་	VERB
ས་	གིས་	PART
།		PUNCT
སྐྱབས་གསུམ་	སྐྱབས་གསུམ་	OTHER
འཛིན་པ་	འཛིན་པ་	VERB
ས་	གིས་	PART
ཀྱང་	ཀྱང་	PART
བཙུན་	བཙུན་	VERB
ཆ་	ཆ་	NOUN
ས་	གིས་	PART
འཛོམ་	འཛོམ་	NO_POS
ན་	ལ་	PART
མི་	མི་	PART
རུང་	རུང་	SCONJ
མེད་པ་	མེད་པ་	VERB
ས་	གིས་	PART
གང་	གང་	NO_POS
རྙེད་	རྙེད་	VERB
གྱོན་	གྱོན་	NO_POS
ནོ་	གོ་	PART
། །		PUNCT
ཅེས་	ཅེས་	PART
སྤྲུལ་སྐུ་	སྤྲུལ་སྐུ་	NOUN
ས་	གིས་	PART
གསུང་	གསུང་	VERB
གིས་	གིས་	PART
བསྐུལ་	བསྐུལ་	VERB
ན་	ནས་	PART
།		PUNCT
རྫོགས་ཆེན་	རྫོགས་ཆེན་	NOUN
དང་	དང་	NO_POS
མཐུན་པ་	མཐུན་པ་	VERB
ར་	ལ་	PART
ཨ་	ཨ་	X
རཱ་	རཱ་	NO_POS
ག་	ག་	PRON
ས་	གིས་	PART
བྲིས་པ་	བྲིས་པ་	VERB
ར་	ལ་	PART
ཉེས་པ་	ཉེས་པ་	VERB
མཆིས་	མཆིས་	VERB
ན་	ལ་	PART
བཤགས་	བཤགས་	NO_POS
ཤིང་	ཅིང་	PART
དགེ་བ་	དགེ་བ་	VERB
ས་	གིས་	PART
བཅོམ་ལྡན་འདས་	བཅོམ་ལྡན་འདས་	NOUN
ཤཱཀྱ་	ཤཱཀྱ་	PROPN
སེང་གེ་	སེང་གེ་	NOUN
འི་	གི་	PART
རྗེས་	རྗེས་	NOUN
ཞུགས་	ཞུགས་	VERB
ཀྱིས་	གིས་	PART
འཛམ་གླིང་	འཛམ་གླིང་	NOUN
ཁྱབ་པ་	ཁྱབ་པ་	VERB
ར་	ལ་	PART
གྱུར་ཅིག་	གྱུར་ཅིག་	NO_POS
།		PUNCT
སརྦ་	སརྦ་	NO_POS
མངྒ་		NON_WORD
ལཾ་		NON_WORD
།། །།		PUNCT
